{"cameraMode":{"drawMode":0,"name":"Shaded","section":"Shading Mode"},"sceneLighting":true,"audioPlay":false,"sceneViewState":{"showFog":true,"showMaterialUpdate":false,"showSkybox":true,"showFlares":true,"showImageEffects":true,"showParticleSystems":true},"in2DMode":false,"pivot":{"x":-0.3493638038635254,"y":6.077401161193848,"z":-2.8485355377197267},"rotation":{"x":-0.00010015015868702903,"y":-0.9964565634727478,"z":0.08421029150485993,"w":-0.0012028696946799756},"size":24.735828399658204,"orthographic":false}