{"cameraMode":{"drawMode":0,"name":"Shaded","section":"Shading Mode"},"sceneLighting":true,"audioPlay":false,"sceneViewState":{"showFog":true,"showMaterialUpdate":false,"showSkybox":true,"showFlares":true,"showImageEffects":true,"showParticleSystems":true},"in2DMode":false,"pivot":{"x":103.80325317382813,"y":9.458391189575196,"z":748.1650390625},"rotation":{"x":0.003788814414292574,"y":-0.9953294396400452,"z":0.044221214950084689,"w":0.08592427521944046},"size":32.96449661254883,"orthographic":false}