{"cameraMode":{"drawMode":0,"name":"Shaded","section":"Shading Mode"},"sceneLighting":true,"audioPlay":false,"sceneViewState":{"showFog":true,"showMaterialUpdate":false,"showSkybox":true,"showFlares":true,"showImageEffects":true,"showParticleSystems":true},"in2DMode":false,"pivot":{"x":262.5679931640625,"y":276.1358642578125,"z":-389.874755859375},"rotation":{"x":0.08564701676368714,"y":0.9047185182571411,"z":-0.357030987739563,"w":0.21671681106090547},"size":58.080081939697269,"orthographic":false}