{"cameraMode":{"drawMode":0,"name":"Shaded","section":"Shading Mode"},"sceneLighting":true,"audioPlay":false,"sceneViewState":{"showFog":true,"showMaterialUpdate":false,"showSkybox":true,"showFlares":true,"showImageEffects":true,"showParticleSystems":true},"in2DMode":false,"pivot":{"x":226.0918731689453,"y":193.14414978027345,"z":-412.581787109375},"rotation":{"x":0.19207900762557984,"y":0.10644315928220749,"z":-0.0208123866468668,"w":0.9755346775054932},"size":71.91083526611328,"orthographic":false}