{"cameraMode":{"drawMode":0,"name":"Shaded","section":"Shading Mode"},"sceneLighting":true,"audioPlay":false,"sceneViewState":{"showFog":true,"showMaterialUpdate":false,"showSkybox":true,"showFlares":true,"showImageEffects":true,"showParticleSystems":true},"in2DMode":false,"pivot":{"x":259.6578674316406,"y":280.111083984375,"z":-398.5478820800781},"rotation":{"x":-0.09135472774505615,"y":-0.8616462349891663,"z":0.16688582301139832,"w":-0.47075966000556948},"size":61.94011306762695,"orthographic":false}