{"cameraMode":{"drawMode":0,"name":"Shaded","section":"Shading Mode"},"sceneLighting":true,"audioPlay":false,"sceneViewState":{"showFog":true,"showMaterialUpdate":false,"showSkybox":true,"showFlares":true,"showImageEffects":true,"showParticleSystems":true},"in2DMode":false,"pivot":{"x":275.92974853515627,"y":241.23313903808595,"z":-201.91395568847657},"rotation":{"x":-0.08909522742033005,"y":-0.9112244844436646,"z":0.2797114849090576,"w":-0.28955352306365969},"size":13.81570053100586,"orthographic":false}