{"cameraMode":{"drawMode":0,"name":"Shaded","section":"Shading Mode"},"sceneLighting":true,"audioPlay":false,"sceneViewState":{"showFog":true,"showMaterialUpdate":false,"showSkybox":true,"showFlares":true,"showImageEffects":true,"showParticleSystems":true},"in2DMode":false,"pivot":{"x":148.48223876953126,"y":182.4782257080078,"z":-471.44012451171877},"rotation":{"x":-0.03310582786798477,"y":-0.9123435616493225,"z":0.07481865584850311,"w":-0.4014793932437897},"size":35.21531677246094,"orthographic":false}