{"cameraMode":{"drawMode":0,"name":"Shaded","section":"Shading Mode"},"sceneLighting":false,"audioPlay":false,"sceneViewState":{"showFog":true,"showMaterialUpdate":false,"showSkybox":true,"showFlares":true,"showImageEffects":true,"showParticleSystems":true},"in2DMode":false,"pivot":{"x":4.16522741317749,"y":6.839951992034912,"z":-0.4935845732688904},"rotation":{"x":-0.005077532958239317,"y":0.9912203550338745,"z":-0.12587256729602815,"w":-0.04018368199467659},"size":15.567343711853028,"orthographic":false}