{"cameraMode":{"drawMode":0,"name":"Shaded","section":"Shading Mode"},"sceneLighting":false,"audioPlay":false,"sceneViewState":{"showFog":true,"showMaterialUpdate":false,"showSkybox":true,"showFlares":true,"showImageEffects":true,"showParticleSystems":true},"in2DMode":false,"pivot":{"x":-2.2351741790771486e-8,"y":-0.03274380415678024,"z":0.07703312486410141},"rotation":{"x":-0.3457474112510681,"y":-0.0952439233660698,"z":0.0352727472782135,"w":-0.932962954044342},"size":0.4356096386909485,"orthographic":false}