{"cameraMode":{"drawMode":0,"name":"Shaded","section":"Shading Mode"},"sceneLighting":true,"audioPlay":false,"sceneViewState":{"showFog":true,"showMaterialUpdate":false,"showSkybox":true,"showFlares":true,"showImageEffects":true,"showParticleSystems":true},"in2DMode":false,"pivot":{"x":245.38934326171876,"y":291.88494873046877,"z":-392.2818603515625},"rotation":{"x":-0.03310582786798477,"y":-0.9123435616493225,"z":0.07481865584850311,"w":-0.4014793932437897},"size":38.35500717163086,"orthographic":false}