{"cameraMode":{"drawMode":0,"name":"Shaded","section":"Shading Mode"},"sceneLighting":true,"audioPlay":false,"sceneViewState":{"showFog":true,"showMaterialUpdate":false,"showSkybox":true,"showFlares":true,"showImageEffects":true,"showParticleSystems":true},"in2DMode":false,"pivot":{"x":16.528148651123048,"y":39.55594253540039,"z":109.03083801269531},"rotation":{"x":-0.09226857870817185,"y":-0.000594722165260464,"z":0.000060400903748814017,"w":-0.995762825012207},"size":20.346786499023439,"orthographic":false}